{
    "matrix": {
        "cols": 7,
        "rows": 8
    },
    "layouts": {
        "keymap": [
            [
                {
                    "x": 3
                },
                "0,3",
                {
                    "x": 6.75
                },
                "4,3"
            ],
            [
                {
                    "y": -0.9,
                    "x": 2
                },
                "0,2"
            ],
            [
                {
                    "y": -1,
                    "x": 4
                },
                "0,4",
                {
                    "x": 4.75
                },
                "4,4",
                {
                    "x": 1
                },
                "4,2"
            ],
            [
                {
                    "y": -0.9000000000000001,
                    "x": 5
                },
                "0,5",
                "0,6",
                {
                    "x": 0.75
                },
                "4,6",
                "4,5"
            ],
            [
                {
                    "y": -0.8999999999999999
                },
                "0,0",
                {
                    "x": 11.75
                },
                "4,1",
                "4,0"
            ],
            [
                {
                    "y": -0.9999999999999999,
                    "x": 1
                },
                "0,1"
            ],
            [
                {
                    "y": -0.30000000000000027,
                    "x": 10.75
                },
                "5,3"
            ],
            [
                {
                    "y": -0.9999999999999998,
                    "x": 3
                },
                "1,3"
            ],
            [
                {
                    "y": -0.8999999999999999,
                    "x": 2
                },
                "1,2",
                {
                    "x": 1
                },
                "1,4",
                {
                    "x": 4.75
                },
                "5,4",
                {
                    "x": 1
                },
                "5,2"
            ],
            [
                {
                    "y": -0.9000000000000001,
                    "x": 5
                },
                "1,5",
                "1,6",
                {
                    "x": 0.75
                },
                "5,6",
                "5,5"
            ],
            [
                {
                    "y": -0.9000000000000001
                },
                "1,0",
                {
                    "x": 11.75
                },
                "5,1",
                "5,0"
            ],
            [
                {
                    "y": -0.9999999999999996,
                    "x": 1
                },
                "1,1"
            ],
            [
                {
                    "y": -0.30000000000000027,
                    "x": 3
                },
                "2,3",
                {
                    "x": 6.75
                },
                "6,3"
            ],
            [
                {
                    "y": -0.8999999999999999,
                    "x": 2
                },
                "2,2",
                {
                    "x": 1
                },
                "2,4",
                {
                    "x": 4.75
                },
                "6,4",
                {
                    "x": 1
                },
                "6,2"
            ],
            [
                {
                    "y": -0.8999999999999999,
                    "x": 5
                },
                "2,5",
                "2,6",
                {
                    "x": 0.75
                },
                "6,6",
                "6,5"
            ],
            [
                {
                    "y": -0.9000000000000004
                },
                "2,0",
                {
                    "x": 11.75
                },
                "6,1",
                "6,0"
            ],
            [
                {
                    "y": -0.9999999999999996,
                    "x": 1
                },
                "2,1"
            ],
            [
                {
                    "y": -0.30000000000000027,
                    "x": 3
                },
                "3,3",
                {
                    "x": 6.75
                },
                "7,3"
            ],
            [
                {
                    "y": -0.8999999999999999,
                    "x": 2
                },
                "3,5",
                {
                    "x": 1
                },
                "3,4",
                {
                    "x": 4.75
                },
                "7,4",
                {
                    "x": 1
                },
                "7,2"
            ],
            [
                {
                    "y": -0.8999999999999995,
                    "x": 5,
                    "w": 2
                },
                "3,5",
                {
                    "x": 0.75,
                    "w": 2
                },
                "7,5"
            ]
        ]
    }
}
