{
    "matrix": {
        "rows": 4,
        "cols": 14
    },
    "layouts": {
        "keymap": [
			[
			  {
				"x": 3
			  },
			  "0,3",
			  {
				"x": 7
			  },
			  "0,10"
			],
			[
			  {
				"y": -0.9,
				"x": 2
			  },
			  "0,2"
			],
			[
			  {
				"y": -1,
				"x": 12
			  },
			  "0,11"
			],
			[
			  {
				"y": -0.9000000000000001,
				"x": 9
			  },
			  "0,8"
			],
			[
			  {
				"y": -1,
				"x": 10
			  },
			  "0,9"
			],
			[
			  {
				"y": -0.9999999999999999,
				"x": 4
			  },
			  "0,4"
			],
			[
			  {
				"y": -1,
				"x": 5
			  },
			  "0,5"
			],
			[
			  {
				"y": -0.9000000000000001,
				"x": 13
			  },
			  "0,12"
			],
			[
			  {
				"y": -0.9999999999999999,
				"x": 1
			  },
			  "0,1"
			],
			[
			  {
				"y": -0.5000000000000002,
				"x": 14
			  },
			  "0,13"
			],
			[
			  {
				"y": -0.9999999999999998
			  },
			  "0,0"
			],
			[
			  {
				"y": -0.8000000000000003,
				"x": 11
			  },
			  "1,10"
			],
			[
			  {
				"y": -0.9999999999999998,
				"x": 3
			  },
			  "1,3"
			],
			[
			  {
				"y": -0.8999999999999999,
				"x": 2
			  },
			  "1,2",
			  {
				"x": 9
			  },
			  "1,11"
			],
			[
			  {
				"y": -0.9000000000000001,
				"x": 9
			  },
			  "1,8",
			  "1,9"
			],
			[
			  {
				"y": -1,
				"x": 4
			  },
			  "1,4",
			  "1,5"
			],
			[
			  {
				"y": -0.9000000000000001,
				"x": 13
			  },
			  "1,12"
			],
			[
			  {
				"y": -0.9999999999999996,
				"x": 1
			  },
			  "1,1"
			],
			[
			  {
				"y": -0.5000000000000002,
				"x": 14
			  },
			  "1,13"
			],
			[
			  {
				"y": -0.9999999999999996
			  },
			  "1,0"
			],
			[
			  {
				"y": -0.8000000000000003,
				"x": 3
			  },
			  "2,3",
			  {
				"x": 7
			  },
			  "2,10"
			],
			[
			  {
				"y": -0.8999999999999999,
				"x": 2
			  },
			  "2,2",
			  {
				"x": 9
			  },
			  "2,11"
			],
			[
			  {
				"y": -0.8999999999999999,
				"x": 4
			  },
			  "2,4",
			  "2,5",
			  {
				"h": 2
			  },
			  "2,6",
			  {
				"x": 1,
				"h": 2
			  },
			  "2,7",
			  "2,8",
			  "2,9"
			],
			[
			  {
				"y": -0.9000000000000004,
				"x": 13
			  },
			  "2,12"
			],
			[
			  {
				"y": -0.9999999999999996,
				"x": 1
			  },
			  "2,1"
			],
			[
			  {
				"y": -0.5000000000000004,
				"x": 14
			  },
			  "2,13"
			],
			[
			  {
				"y": -0.9999999999999996
			  },
			  "2,0"
			],
			[
			  {
				"y": -0.8000000000000003,
				"x": 3
			  },
			  "3,3",
			  {
				"x": 7
			  },
			  "3,10"
			],
			[
			  {
				"y": -0.7999999999999998,
				"x": 4
			  },
			  "3,4",
			  "3,5",
			  {
				"x": 3
			  },
			  "3,8",
			  "3,9"
			]]
    }
}
